num_epochs,activation_function,hidden_size,param_mean,param_std,delta,gamma,train_accuracy,train loss,validation_accuracy,validation_loss,bound,train_loss
150,Tanh,[5],0,0.1,0.05,0.1,92.92693333333332,,92.94160000000001,0.26431172983978274,11.292047667687095,0.26321207769850824
150,Tanh,[5],0,0.1,0.05,0.2,92.92693333333332,,92.94160000000001,0.26431172983978274,5.036069472080124,0.26321207769850824
150,Tanh,[5],0,0.1,0.05,0.3,92.92693333333332,,92.94160000000001,0.26431172983978274,3.1224939539956944,0.26321207769850824
150,Tanh,[5],0,0.1,0.05,0.4,92.92693333333332,,92.94160000000001,0.26431172983978274,2.2381198719815605,0.26321207769850824
150,Tanh,[5],0,0.1,0.05,0.5,92.92693333333332,,92.94160000000001,0.26431172983978274,1.7321965495641538,0.26321207769850824
150,Tanh,[5],0,0.1,0.1,0.1,92.92693333333332,,92.94160000000001,0.26431172983978274,11.29204174316688,0.26321207769850824
150,Tanh,[5],0,0.1,0.1,0.2,92.92693333333332,,92.94160000000001,0.26431172983978274,5.036056002333882,0.26321207769850824
150,Tanh,[5],0,0.1,0.1,0.3,92.92693333333332,,92.94160000000001,0.26431172983978274,3.122471763859892,0.26321207769850824
150,Tanh,[5],0,0.1,0.1,0.4,92.92693333333332,,92.94160000000001,0.26431172983978274,2.238087850570791,0.26321207769850824
150,Tanh,[5],0,0.1,0.1,0.5,92.92693333333332,,92.94160000000001,0.26431172983978274,1.7321535652516704,0.26321207769850824
150,Tanh,[5],0,0.1,0.2,0.1,92.92693333333332,,92.94160000000001,0.26431172983978274,11.292035818643534,0.26321207769850824
150,Tanh,[5],0,0.1,0.2,0.2,92.92693333333332,,92.94160000000001,0.26431172983978274,5.036042532550836,0.26321207769850824
150,Tanh,[5],0,0.1,0.2,0.3,92.92693333333332,,92.94160000000001,0.26431172983978274,3.1224495735595372,0.26321207769850824
150,Tanh,[5],0,0.1,0.2,0.4,92.92693333333332,,92.94160000000001,0.26431172983978274,2.2380558286655416,0.26321207769850824
150,Tanh,[5],0,0.1,0.2,0.5,92.92693333333332,,92.94160000000001,0.26431172983978274,1.7321105797430927,0.26321207769850824
150,Tanh,[5],0,0.1,0.3,0.1,92.92693333333332,,92.94160000000001,0.26431172983978274,11.292032353018088,0.26321207769850824
150,Tanh,[5],0,0.1,0.3,0.2,92.92693333333332,,92.94160000000001,0.26431172983978274,5.036034653215799,0.26321207769850824
150,Tanh,[5],0,0.1,0.3,0.3,92.92693333333332,,92.94160000000001,0.26431172983978274,3.122436592989667,0.26321207769850824
150,Tanh,[5],0,0.1,0.3,0.4,92.92693333333332,,92.94160000000001,0.26431172983978274,2.238037096822533,0.26321207769850824
150,Tanh,[5],0,0.1,0.3,0.5,92.92693333333332,,92.94160000000001,0.26431172983978274,1.732085434277985,0.26321207769850824
150,Tanh,[5],0,0.1,0.4,0.1,92.92693333333332,,92.94160000000001,0.26431172983978274,11.292029894117055,0.26321207769850824
150,Tanh,[5],0,0.1,0.4,0.2,92.92693333333332,,92.94160000000001,0.26431172983978274,5.036029062730984,0.26321207769850824
150,Tanh,[5],0,0.1,0.4,0.3,92.92693333333332,,92.94160000000001,0.26431172983978274,3.122427383094627,0.26321207769850824
150,Tanh,[5],0,0.1,0.4,0.4,92.92693333333332,,92.94160000000001,0.26431172983978274,2.2380238062657893,0.26321207769850824
150,Tanh,[5],0,0.1,0.4,0.5,92.92693333333332,,92.94160000000001,0.26431172983978274,1.7320675930383211,0.26321207769850824
150,Tanh,[5],0,0.01,0.05,0.1,94.66666666666667,,94.528,0.20486362240331565,15.554243143217075,0.20070853497286298
150,Tanh,[5],0,0.01,0.05,0.2,94.66666666666667,,94.528,0.20486362240331565,6.978449295094448,0.20070853497286298
150,Tanh,[5],0,0.01,0.05,0.3,94.66666666666667,,94.528,0.20486362240331565,4.335801666278507,0.20070853497286298
150,Tanh,[5],0,0.01,0.05,0.4,94.66666666666667,,94.528,0.20486362240331565,3.09703349810019,0.20070853497286298
150,Tanh,[5],0,0.01,0.05,0.5,94.66666666666667,,94.528,0.20486362240331565,2.4042415443597878,0.20070853497286298
150,Tanh,[5],0,0.01,0.1,0.1,94.66666666666667,,94.528,0.20486362240331565,15.554238855777815,0.20070853497286298
150,Tanh,[5],0,0.01,0.1,0.2,94.66666666666667,,94.528,0.20486362240331565,6.97843966432596,0.20070853497286298
150,Tanh,[5],0,0.01,0.1,0.3,94.66666666666667,,94.528,0.20486362240331565,4.335785970216442,0.20070853497286298
150,Tanh,[5],0,0.01,0.1,0.4,94.66666666666667,,94.528,0.20486362240331565,3.097011085594289,0.20070853497286298
150,Tanh,[5],0,0.01,0.1,0.5,94.66666666666667,,94.528,0.20486362240331565,2.4042117821624194,0.20070853497286298
150,Tanh,[5],0,0.01,0.2,0.1,94.66666666666667,,94.528,0.20486362240331565,15.55423456833737,0.20070853497286298
150,Tanh,[5],0,0.01,0.2,0.2,94.66666666666667,,94.528,0.20486362240331565,6.9784300335440195,0.20070853497286298
150,Tanh,[5],0,0.01,0.2,0.3,94.66666666666667,,94.528,0.20486362240331565,4.3357702740961415,0.20070853497286298
150,Tanh,[5],0,0.01,0.2,0.4,94.66666666666667,,94.528,0.20486362240331565,3.09698867291884,0.20070853497286298
150,Tanh,[5],0,0.01,0.2,0.5,94.66666666666667,,94.528,0.20486362240331565,2.404182019568023,0.20070853497286298
150,Tanh,[5],0,0.01,0.3,0.1,94.66666666666667,,94.528,0.20486362240331565,15.554232060344933,0.20070853497286298
150,Tanh,[5],0,0.01,0.3,0.2,94.66666666666667,,94.528,0.20486362240331565,6.978424399891495,0.20070853497286298
150,Tanh,[5],0,0.01,0.3,0.3,94.66666666666667,,94.528,0.20486362240331565,4.3357610924273615,0.20070853497286298
150,Tanh,[5],0,0.01,0.3,0.4,94.66666666666667,,94.528,0.20486362240331565,3.0969755622655617,0.20070853497286298
150,Tanh,[5],0,0.01,0.3,0.5,94.66666666666667,,94.528,0.20486362240331565,2.4041646093823195,0.20070853497286298
150,Tanh,[5],0,0.01,0.4,0.1,94.66666666666667,,94.528,0.20486362240331565,15.554230280895736,0.20070853497286298
150,Tanh,[5],0,0.01,0.4,0.2,94.66666666666667,,94.528,0.20486362240331565,6.978420402748626,0.20070853497286298
150,Tanh,[5],0,0.01,0.4,0.3,94.66666666666667,,94.528,0.20486362240331565,4.335754577917604,0.20070853497286298
150,Tanh,[5],0,0.01,0.4,0.4,94.66666666666667,,94.528,0.20486362240331565,3.096966260073838,0.20070853497286298
150,Tanh,[5],0,0.01,0.4,0.5,94.66666666666667,,94.528,0.20486362240331565,2.404152256576583,0.20070853497286298
150,Tanh,[5],0,0.001,0.05,0.1,94.59893333333333,,94.41199999999999,0.20681889329254322,14.80902574306008,0.202424888050902
150,Tanh,[5],0,0.001,0.05,0.2,94.59893333333333,,94.41199999999999,0.20681889329254322,6.6365962538002075,0.202424888050902
150,Tanh,[5],0,0.001,0.05,0.3,94.59893333333333,,94.41199999999999,0.20681889329254322,4.1214903629945,0.202424888050902
150,Tanh,[5],0,0.001,0.05,0.4,94.59893333333333,,94.41199999999999,0.20681889329254322,2.9444005656302714,0.202424888050902
150,Tanh,[5],0,0.001,0.05,0.5,94.59893333333333,,94.41199999999999,0.20681889329254322,2.2878867616162215,0.202424888050902
150,Tanh,[5],0,0.001,0.1,0.1,94.59893333333333,,94.41199999999999,0.20681889329254322,14.809021238651992,0.202424888050902
150,Tanh,[5],0,0.001,0.1,0.2,94.59893333333333,,94.41199999999999,0.20681889329254322,6.636586118429161,0.202424888050902
150,Tanh,[5],0,0.001,0.1,0.3,94.59893333333333,,94.41199999999999,0.20681889329254322,4.121473819968756,0.202424888050902
150,Tanh,[5],0,0.001,0.1,0.4,94.59893333333333,,94.41199999999999,0.20681889329254322,2.9443769099041224,0.202424888050902
150,Tanh,[5],0,0.001,0.1,0.5,94.59893333333333,,94.41199999999999,0.20681889329254322,2.287855303233447,0.202424888050902
150,Tanh,[5],0,0.001,0.2,0.1,94.59893333333333,,94.41199999999999,0.20681889329254322,14.809016734242528,0.202424888050902
150,Tanh,[5],0,0.001,0.2,0.2,94.59893333333333,,94.41199999999999,0.20681889329254322,6.636575983042436,0.202424888050902
150,Tanh,[5],0,0.001,0.2,0.3,94.59893333333333,,94.41199999999999,0.20681889329254322,4.121457276874832,0.202424888050902
150,Tanh,[5],0,0.001,0.2,0.4,94.59893333333333,,94.41199999999999,0.20681889329254322,2.9443532539786155,0.202424888050902
150,Tanh,[5],0,0.001,0.2,0.5,94.59893333333333,,94.41199999999999,0.20681889329254322,2.2878238443818204,0.202424888050902
150,Tanh,[5],0,0.001,0.3,0.1,94.59893333333333,,94.41199999999999,0.20681889329254322,14.809014099331264,0.202424888050902
150,Tanh,[5],0,0.001,0.3,0.2,94.59893333333333,,94.41199999999999,0.20681889329254322,6.636570054214002,0.202424888050902
150,Tanh,[5],0,0.001,0.3,0.3,94.59893333333333,,94.41199999999999,0.20681889329254322,4.121447599753632,0.202424888050902
150,Tanh,[5],0,0.001,0.3,0.4,94.59893333333333,,94.41199999999999,0.20681889329254322,2.944339416056856,0.202424888050902
150,Tanh,[5],0,0.001,0.3,0.5,94.59893333333333,,94.41199999999999,0.20681889329254322,2.287805441915948,0.202424888050902
150,Tanh,[5],0,0.001,0.4,0.1,94.59893333333333,,94.41199999999999,0.20681889329254322,14.809012229831687,0.202424888050902
150,Tanh,[5],0,0.001,0.4,0.2,94.59893333333333,,94.41199999999999,0.20681889329254322,6.63656584764003,0.202424888050902
150,Tanh,[5],0,0.001,0.4,0.3,94.59893333333333,,94.41199999999999,0.20681889329254322,4.121440733712725,0.202424888050902
150,Tanh,[5],0,0.001,0.4,0.4,94.59893333333333,,94.41199999999999,0.20681889329254322,2.9443295978537467,0.202424888050902
150,Tanh,[5],0,0.001,0.4,0.5,94.59893333333333,,94.41199999999999,0.20681889329254322,2.28779238506132,0.202424888050902
150,Tanh,[50],0,0.1,0.05,0.1,91.16,,91.1608,0.289190014719414,6.825470344863905,0.2895272591516833
150,Tanh,[50],0,0.1,0.05,0.2,91.16,,91.1608,0.289190014719414,2.9913127103877732,0.2895272591516833
150,Tanh,[50],0,0.1,0.05,0.3,91.16,,91.1608,0.289190014719414,1.8246374176772548,0.2895272591516833
150,Tanh,[50],0,0.1,0.05,0.4,91.16,,91.1608,0.289190014719414,1.28086950722657,0.2895272591516833
150,Tanh,[50],0,0.1,0.05,0.5,91.16,,91.1608,0.289190014719414,0.9757036735808419,0.2895272591516833
150,Tanh,[50],0,0.1,0.1,0.1,91.16,,91.1608,0.289190014719414,6.825460478282247,0.2895272591516833
150,Tanh,[50],0,0.1,0.1,0.2,91.16,,91.1608,0.289190014719414,2.99128971764544,0.2895272591516833
150,Tanh,[50],0,0.1,0.1,0.3,91.16,,91.1608,0.289190014719414,1.8245986349321448,0.2895272591516833
150,Tanh,[50],0,0.1,0.1,0.4,91.16,,91.1608,0.289190014719414,1.2808121366865701,0.2895272591516833
150,Tanh,[50],0,0.1,0.1,0.5,91.16,,91.1608,0.289190014719414,0.9756245270724376,0.2895272591516833
150,Tanh,[50],0,0.1,0.2,0.1,91.16,,91.1608,0.289190014719414,6.825450611686125,0.2895272591516833
150,Tanh,[50],0,0.1,0.2,0.2,91.16,,91.1608,0.289190014719414,2.9912667247200466,0.2895272591516833
150,Tanh,[50],0,0.1,0.2,0.3,91.16,,91.1608,0.289190014719414,1.8245598513085228,0.2895272591516833
150,Tanh,[50],0,0.1,0.2,0.4,91.16,,91.1608,0.289190014719414,1.280754763302657,0.2895272591516833
150,Tanh,[50],0,0.1,0.2,0.5,91.16,,91.1608,0.289190014719414,0.9755453730965544,0.2895272591516833
150,Tanh,[50],0,0.1,0.3,0.1,91.16,,91.1608,0.289190014719414,6.825444840090679,0.2895272591516833
150,Tanh,[50],0,0.1,0.3,0.2,91.16,,91.1608,0.289190014719414,2.991253274636046,0.2895272591516833
150,Tanh,[50],0,0.1,0.3,0.3,91.16,,91.1608,0.289190014719414,1.8245371639357846,0.2895272591516833
150,Tanh,[50],0,0.1,0.3,0.4,91.16,,91.1608,0.289190014719414,1.2807212007060014,0.2895272591516833
150,Tanh,[50],0,0.1,0.3,0.5,91.16,,91.1608,0.289190014719414,0.9754990675263226,0.2895272591516833
150,Tanh,[50],0,0.1,0.4,0.1,91.16,,91.1608,0.289190014719414,6.8254407450755386,0.2895272591516833
150,Tanh,[50],0,0.1,0.4,0.2,91.16,,91.1608,0.289190014719414,2.991243731611588,0.2895272591516833
150,Tanh,[50],0,0.1,0.4,0.3,91.16,,91.1608,0.289190014719414,1.8245210668063292,0.2895272591516833
150,Tanh,[50],0,0.1,0.4,0.4,91.16,,91.1608,0.289190014719414,1.2806973870744076,0.2895272591516833
150,Tanh,[50],0,0.1,0.4,0.5,91.16,,91.1608,0.289190014719414,0.9754662116510782,0.2895272591516833
150,Tanh,[50],0,0.01,0.05,0.1,98.59306666666666,,98.4248,0.09732120929852113,69.29010520191714,0.09369233176366461
150,Tanh,[50],0,0.01,0.05,0.2,98.59306666666666,,98.4248,0.09732120929852113,31.994135983593072,0.09369233176366461
150,Tanh,[50],0,0.01,0.05,0.3,98.59306666666666,,98.4248,0.09732120929852113,20.238472502414385,0.09369233176366461
150,Tanh,[50],0,0.01,0.05,0.4,98.59306666666666,,98.4248,0.09732120929852113,14.587472592848243,0.09369233176366461
150,Tanh,[50],0,0.01,0.05,0.5,98.59306666666666,,98.4248,0.09732120929852113,11.310992460318486,0.09369233176366461
150,Tanh,[50],0,0.01,0.1,0.1,98.59306666666666,,98.4248,0.09732120929852113,69.29010424330565,0.09369233176366461
150,Tanh,[50],0,0.01,0.1,0.2,98.59306666666666,,98.4248,0.09732120929852113,31.994133906183148,0.09369233176366461
150,Tanh,[50],0,0.01,0.1,0.3,98.59306666666666,,98.4248,0.09732120929852113,20.238469214392413,0.09369233176366461
150,Tanh,[50],0,0.01,0.1,0.4,98.59306666666666,,98.4248,0.09732120929852113,14.587468021082785,0.09369233176366461
150,Tanh,[50],0,0.01,0.1,0.5,98.59306666666666,,98.4248,0.09732120929852113,11.310986541269886,0.09369233176366461
150,Tanh,[50],0,0.01,0.2,0.1,98.59306666666666,,98.4248,0.09732120929852113,69.29010328469413,0.09369233176366461
150,Tanh,[50],0,0.01,0.2,0.2,98.59306666666666,,98.4248,0.09732120929852113,31.994131828773085,0.09369233176366461
150,Tanh,[50],0,0.01,0.2,0.3,98.59306666666666,,98.4248,0.09732120929852113,20.23846592636991,0.09369233176366461
150,Tanh,[50],0,0.01,0.2,0.4,98.59306666666666,,98.4248,0.09732120929852113,14.587463449315885,0.09369233176366461
150,Tanh,[50],0,0.01,0.2,0.5,98.59306666666666,,98.4248,0.09732120929852113,11.31098062221816,0.09369233176366461
150,Tanh,[50],0,0.01,0.3,0.1,98.59306666666666,,98.4248,0.09732120929852113,69.29010272394233,0.09369233176366461
150,Tanh,[50],0,0.01,0.3,0.2,98.59306666666666,,98.4248,0.09732120929852113,31.99413061356604,0.09369233176366461
150,Tanh,[50],0,0.01,0.3,0.3,98.59306666666666,,98.4248,0.09732120929852113,20.23846400299979,0.09369233176366461
150,Tanh,[50],0,0.01,0.3,0.4,98.59306666666666,,98.4248,0.09732120929852113,14.587460775003022,0.09369233176366461
150,Tanh,[50],0,0.01,0.3,0.5,98.59306666666666,,98.4248,0.09732120929852113,11.310977159793415,0.09369233176366461
150,Tanh,[50],0,0.01,0.4,0.1,98.59306666666666,,98.4248,0.09732120929852113,69.29010232608259,0.09369233176366461
150,Tanh,[50],0,0.01,0.4,0.2,98.59306666666666,,98.4248,0.09732120929852113,31.99412975136289,0.09369233176366461
150,Tanh,[50],0,0.01,0.4,0.3,98.59306666666666,,98.4248,0.09732120929852113,20.238462638346864,0.09369233176366461
150,Tanh,[50],0,0.01,0.4,0.4,98.59306666666666,,98.4248,0.09732120929852113,14.587458877547547,0.09369233176366461
150,Tanh,[50],0,0.01,0.4,0.5,98.59306666666666,,98.4248,0.09732120929852113,11.310974703163314,0.09369233176366461
150,Tanh,[50],0,0.001,0.05,0.1,96.8264,,96.6392,0.1351146748100723,53.18285573435802,0.13182822210974865
150,Tanh,[50],0,0.001,0.05,0.2,96.8264,,96.6392,0.1351146748100723,24.461537688585175,0.13182822210974865
150,Tanh,[50],0,0.001,0.05,0.3,96.8264,,96.6392,0.1351146748100723,15.43618740076391,0.13182822210974865
150,Tanh,[50],0,0.001,0.05,0.4,96.8264,,96.6392,0.1351146748100723,11.109967243200918,0.13182822210974865
150,Tanh,[50],0,0.001,0.05,0.5,96.8264,,96.6392,0.1351146748100723,8.610201334638806,0.13182822210974865
150,Tanh,[50],0,0.001,0.1,0.1,96.8264,,96.6392,0.1351146748100723,53.1828544848053,0.13182822210974865
150,Tanh,[50],0,0.001,0.1,0.2,96.8264,,96.6392,0.1351146748100723,24.461534967895854,0.13182822210974865
150,Tanh,[50],0,0.001,0.1,0.3,96.8264,,96.6392,0.1351146748100723,15.436183078930027,0.13182822210974865
150,Tanh,[50],0,0.001,0.1,0.4,96.8264,,96.6392,0.1351146748100723,11.109961215095767,0.13182822210974865
150,Tanh,[50],0,0.001,0.1,0.5,96.8264,,96.6392,0.1351146748100723,8.610193507735234,0.13182822210974865
150,Tanh,[50],0,0.001,0.2,0.1,96.8264,,96.6392,0.1351146748100723,53.18285323525255,0.13182822210974865
150,Tanh,[50],0,0.001,0.2,0.2,96.8264,,96.6392,0.1351146748100723,24.46153224720623,0.13182822210974865
150,Tanh,[50],0,0.001,0.2,0.3,96.8264,,96.6392,0.1351146748100723,15.436178757094929,0.13182822210974865
150,Tanh,[50],0,0.001,0.2,0.4,96.8264,,96.6392,0.1351146748100723,11.109955186987316,0.13182822210974865
150,Tanh,[50],0,0.001,0.2,0.5,96.8264,,96.6392,0.1351146748100723,8.61018568082444,0.13182822210974865
150,Tanh,[50],0,0.001,0.3,0.1,96.8264,,96.6392,0.1351146748100723,53.182852504311036,0.13182822210974865
150,Tanh,[50],0,0.001,0.3,0.2,96.8264,,96.6392,0.1351146748100723,24.46153065570468,0.13182822210974865
150,Tanh,[50],0,0.001,0.3,0.3,96.8264,,96.6392,0.1351146748100723,15.4361762289829,0.13182822210974865
150,Tanh,[50],0,0.001,0.3,0.4,96.8264,,96.6392,0.1351146748100723,11.109951660768393,0.13182822210974865
150,Tanh,[50],0,0.001,0.3,0.5,96.8264,,96.6392,0.1351146748100723,8.610181102371783,0.13182822210974865
150,Tanh,[50],0,0.001,0.4,0.1,96.8264,,96.6392,0.1351146748100723,53.18285198569977,0.13182822210974865
150,Tanh,[50],0,0.001,0.4,0.2,96.8264,,96.6392,0.1351146748100723,24.461529526516298,0.13182822210974865
150,Tanh,[50],0,0.001,0.4,0.3,96.8264,,96.6392,0.1351146748100723,15.436174435258616,0.13182822210974865
150,Tanh,[50],0,0.001,0.4,0.4,96.8264,,96.6392,0.1351146748100723,11.109949158875567,0.13182822210974865
150,Tanh,[50],0,0.001,0.4,0.5,96.8264,,96.6392,0.1351146748100723,8.610177853906427,0.13182822210974865
150,Tanh,[200],0,0.1,0.05,0.1,91.20746666666668,,91.2016,0.2886358660130076,11.455287534499348,0.2878439085678843
150,Tanh,[200],0,0.1,0.05,0.2,91.20746666666668,,91.2016,0.2886358660130076,5.102410643650665,0.2878439085678843
150,Tanh,[200],0,0.1,0.05,0.3,91.20746666666668,,91.2016,0.2886358660130076,3.1485497289058517,0.2878439085678843
150,Tanh,[200],0,0.1,0.05,0.4,91.20746666666668,,91.2016,0.2886358660130076,2.228224763670256,0.2878439085678843
150,Tanh,[200],0,0.1,0.05,0.5,91.20746666666668,,91.2016,0.2886358660130076,1.7056675694843997,0.2878439085678843
150,Tanh,[200],0,0.1,0.1,0.1,91.20746666666668,,91.2016,0.2886358660130076,11.45528168930958,0.2878439085678843
150,Tanh,[200],0,0.1,0.1,0.2,91.20746666666668,,91.2016,0.2886358660130076,5.10239736157694,0.2878439085678843
150,Tanh,[200],0,0.1,0.1,0.3,91.20746666666668,,91.2016,0.2886358660130076,3.1485278588998016,0.2878439085678843
150,Tanh,[200],0,0.1,0.1,0.4,91.20746666666668,,91.2016,0.2886358660130076,2.2281932200366263,0.2878439085678843
150,Tanh,[200],0,0.1,0.1,0.5,91.20746666666668,,91.2016,0.2886358660130076,1.7056252487121484,0.2878439085678843
150,Tanh,[200],0,0.1,0.2,0.1,91.20746666666668,,91.2016,0.2886358660130076,11.455275844116802,0.2878439085678843
150,Tanh,[200],0,0.1,0.2,0.2,91.20746666666668,,91.2016,0.2886358660130076,5.102384079467927,0.2878439085678843
150,Tanh,[200],0,0.1,0.2,0.3,91.20746666666668,,91.2016,0.2886358660130076,3.1485059887362192,0.2878439085678843
150,Tanh,[200],0,0.1,0.2,0.4,91.20746666666668,,91.2016,0.2886358660130076,2.2281616759303224,0.2878439085678843
150,Tanh,[200],0,0.1,0.2,0.5,91.20746666666668,,91.2016,0.2886358660130076,1.7055829267983451,0.2878439085678843
150,Tanh,[200],0,0.1,0.3,0.1,91.20746666666668,,91.2016,0.2886358660130076,11.455272424896824,0.2878439085678843
150,Tanh,[200],0,0.1,0.3,0.2,91.20746666666668,,91.2016,0.2886358660130076,5.102376309915866,0.2878439085678843
150,Tanh,[200],0,0.1,0.3,0.3,91.20746666666668,,91.2016,0.2886358660130076,3.1484931954376103,0.2878439085678843
150,Tanh,[200],0,0.1,0.3,0.4,91.20746666666668,,91.2016,0.2886358660130076,2.2281432235918888,0.2878439085678843
150,Tanh,[200],0,0.1,0.3,0.5,91.20746666666668,,91.2016,0.2886358660130076,1.7055581695365836,0.2878439085678843
150,Tanh,[200],0,0.1,0.4,0.1,91.20746666666668,,91.2016,0.2886358660130076,11.455269998921018,0.2878439085678843
150,Tanh,[200],0,0.1,0.4,0.2,91.20746666666668,,91.2016,0.2886358660130076,5.102370797323627,0.2878439085678843
150,Tanh,[200],0,0.1,0.4,0.3,91.20746666666668,,91.2016,0.2886358660130076,3.1484841184151016,0.2878439085678843
150,Tanh,[200],0,0.1,0.4,0.4,91.20746666666668,,91.2016,0.2886358660130076,2.2281301313513224,0.2878439085678843
150,Tanh,[200],0,0.1,0.4,0.5,91.20746666666668,,91.2016,0.2886358660130076,1.705540603742898,0.2878439085678843
150,Tanh,[200],0,0.01,0.05,0.1,99.22506666666666,,99.0464,0.07826954627766092,134.65632707128555,0.0741408493509675
150,Tanh,[200],0,0.01,0.05,0.2,99.22506666666666,,99.0464,0.07826954627766092,62.76660748688754,0.0741408493509675
150,Tanh,[200],0,0.01,0.05,0.3,99.22506666666666,,99.0464,0.07826954627766092,39.97024128999831,0.0741408493509675
150,Tanh,[200],0,0.01,0.05,0.4,99.22506666666666,,99.0464,0.07826954627766092,28.952693041029665,0.0741408493509675
150,Tanh,[200],0,0.01,0.05,0.5,99.22506666666666,,99.0464,0.07826954627766092,22.523243123486786,0.0741408493509675
150,Tanh,[200],0,0.01,0.1,0.1,99.22506666666666,,99.0464,0.07826954627766092,134.65632657811437,0.0741408493509675
150,Tanh,[200],0,0.01,0.1,0.2,99.22506666666666,,99.0464,0.07826954627766092,62.76660642862055,0.0741408493509675
150,Tanh,[200],0,0.01,0.1,0.3,99.22506666666666,,99.0464,0.07826954627766092,39.97023962739134,0.0741408493509675
150,Tanh,[200],0,0.01,0.1,0.4,99.22506666666666,,99.0464,0.07826954627766092,28.952690743760403,0.0741408493509675
150,Tanh,[200],0,0.01,0.1,0.5,99.22506666666666,,99.0464,0.07826954627766092,22.523240165872814,0.0741408493509675
150,Tanh,[200],0,0.01,0.2,0.1,99.22506666666666,,99.0464,0.07826954627766092,134.65632608494323,0.0741408493509675
150,Tanh,[200],0,0.01,0.2,0.2,99.22506666666666,,99.0464,0.07826954627766092,62.76660537035353,0.0741408493509675
150,Tanh,[200],0,0.01,0.2,0.3,99.22506666666666,,99.0464,0.07826954627766092,39.970237964784296,0.0741408493509675
150,Tanh,[200],0,0.01,0.2,0.4,99.22506666666666,,99.0464,0.07826954627766092,28.95268844649096,0.0741408493509675
150,Tanh,[200],0,0.01,0.2,0.5,99.22506666666666,,99.0464,0.07826954627766092,22.523237208258454,0.0741408493509675
150,Tanh,[200],0,0.01,0.3,0.1,99.22506666666666,,99.0464,0.07826954627766092,134.65632579645657,0.0741408493509675
150,Tanh,[200],0,0.01,0.3,0.2,99.22506666666666,,99.0464,0.07826954627766092,62.766604751307,0.0741408493509675
150,Tanh,[200],0,0.01,0.3,0.3,99.22506666666666,,99.0464,0.07826954627766092,39.97023699222149,0.0741408493509675
150,Tanh,[200],0,0.01,0.3,0.4,99.22506666666666,,99.0464,0.07826954627766092,28.952687102674396,0.0741408493509675
150,Tanh,[200],0,0.01,0.3,0.5,99.22506666666666,,99.0464,0.07826954627766092,22.523235478164782,0.0741408493509675
150,Tanh,[200],0,0.01,0.4,0.1,99.22506666666666,,99.0464,0.07826954627766092,134.65632559177206,0.0741408493509675
150,Tanh,[200],0,0.01,0.4,0.2,99.22506666666666,,99.0464,0.07826954627766092,62.76660431208649,0.0741408493509675
150,Tanh,[200],0,0.01,0.4,0.3,99.22506666666666,,99.0464,0.07826954627766092,39.970236302177184,0.0741408493509675
150,Tanh,[200],0,0.01,0.4,0.4,99.22506666666666,,99.0464,0.07826954627766092,28.952686149221332,0.0741408493509675
150,Tanh,[200],0,0.01,0.4,0.5,99.22506666666666,,99.0464,0.07826954627766092,22.523234250643704,0.0741408493509675
150,Tanh,[200],0,0.001,0.05,0.1,97.52,,97.3112,0.11046911763482962,92.23287897710324,0.10596704599368084
150,Tanh,[200],0,0.001,0.05,0.2,97.52,,97.3112,0.11046911763482962,42.78251413257425,0.10596704599368084
150,Tanh,[200],0,0.001,0.05,0.3,97.52,,97.3112,0.11046911763482962,27.152589233069598,0.10596704599368084
150,Tanh,[200],0,0.001,0.05,0.4,97.52,,97.3112,0.11046911763482962,19.618981509635628,0.10596704599368084
150,Tanh,[200],0,0.001,0.05,0.5,97.52,,97.3112,0.11046911763482962,15.235953456673489,0.10596704599368084
150,Tanh,[200],0,0.001,0.1,0.1,97.52,,97.3112,0.11046911763482962,92.23287825690564,0.10596704599368084
150,Tanh,[200],0,0.001,0.1,0.2,97.52,,97.3112,0.11046911763482962,42.78251257891458,0.10596704599368084
150,Tanh,[200],0,0.001,0.1,0.3,97.52,,97.3112,0.11046911763482962,27.15258678248329,0.10596704599368084
150,Tanh,[200],0,0.001,0.1,0.4,97.52,,97.3112,0.11046911763482962,19.61897811228575,0.10596704599368084
150,Tanh,[200],0,0.001,0.1,0.5,97.52,,97.3112,0.11046911763482962,15.235949069776861,0.10596704599368084
150,Tanh,[200],0,0.001,0.2,0.1,97.52,,97.3112,0.11046911763482962,92.23287753670802,0.10596704599368084
150,Tanh,[200],0,0.001,0.2,0.2,97.52,,97.3112,0.11046911763482962,42.78251102525484,0.10596704599368084
150,Tanh,[200],0,0.001,0.2,0.3,97.52,,97.3112,0.11046911763482962,27.15258433189676,0.10596704599368084
150,Tanh,[200],0,0.001,0.2,0.4,97.52,,97.3112,0.11046911763482962,19.61897471493528,0.10596704599368084
150,Tanh,[200],0,0.001,0.2,0.5,97.52,,97.3112,0.11046911763482962,15.235944682878962,0.10596704599368084
150,Tanh,[200],0,0.001,0.3,0.1,97.52,,97.3112,0.11046911763482962,92.23287711541941,0.10596704599368084
150,Tanh,[200],0,0.001,0.3,0.2,97.52,,97.3112,0.11046911763482962,42.78251011642213,0.10596704599368084
150,Tanh,[200],0,0.001,0.3,0.3,97.52,,97.3112,0.11046911763482962,27.152582898395433,0.10596704599368084
150,Tanh,[200],0,0.001,0.3,0.4,97.52,,97.3112,0.11046911763482962,19.618972727612384,0.10596704599368084
150,Tanh,[200],0,0.001,0.3,0.5,97.52,,97.3112,0.11046911763482962,15.235942116707607,0.10596704599368084
150,Tanh,[200],0,0.001,0.4,0.1,97.52,,97.3112,0.11046911763482962,92.2328768165104,0.10596704599368084
150,Tanh,[200],0,0.001,0.4,0.2,97.52,,97.3112,0.11046911763482962,42.782509471595056,0.10596704599368084
150,Tanh,[200],0,0.001,0.4,0.3,97.52,,97.3112,0.11046911763482962,27.15258188131001,0.10596704599368084
150,Tanh,[200],0,0.001,0.4,0.4,97.52,,97.3112,0.11046911763482962,19.618971317584222,0.10596704599368084
150,Tanh,[200],0,0.001,0.4,0.5,97.52,,97.3112,0.11046911763482962,15.23594029597979,0.10596704599368084
